{"repoSenseVersion":"6527c96550","reportGeneratedTime":"Wed Apr 12 00:35:10 2023 UTC","reportGenerationTime":" 1.99 second(s)","zoneId":"Etc/UTC","reportTitle":"RepoSense Report","repos":[{"location":{"location":"https://github.com/tlylt/markbind-reposense-demo.git","repoName":"markbind-reposense-demo","organization":"tlylt","domainName":"github"},"branch":"main","displayName":"tlylt/markbind-reposense-demo[main]","outputFolderName":"tlylt_markbind-reposense-demo_main"}],"errorSet":[],"sinceDate":"2023-03-12","untilDate":"2023-04-12","isSinceDateProvided":false,"isUntilDateProvided":false,"supportedDomainUrlMap":{"NOT_RECOGNIZED":{"BRANCH":"","REPO_URL":"UNSUPPORTED","BASE_URL":"UNSUPPORTED","HISTORY_PATH":"","COMMIT_PATH":"","BLAME_PATH":""},"github":{"BRANCH":"tree/$BRANCH","REPO_URL":"https://github.com/$ORGANIZATION/$REPO_NAME/","BASE_URL":"https://github.com/","HISTORY_PATH":"commits/$BRANCH/$FILE_PATH","COMMIT_PATH":"commit/$COMMIT_HASH","BLAME_PATH":"blame/$BRANCH/$FILE_PATH"}}}
