{"repoSenseVersion":"dbe5cc66f6","reportGeneratedTime":"Sun Dec 25 00:38:38 2022 UTC","reportGenerationTime":" 2.35 second(s)","zoneId":"Etc/UTC","reportTitle":"RepoSense Report","repos":[{"location":{"location":"https://github.com/tlylt/markbind-reposense-demo.git","repoName":"markbind-reposense-demo","organization":"tlylt","domainName":"github"},"branch":"main","displayName":"tlylt/markbind-reposense-demo[main]","outputFolderName":"tlylt_markbind-reposense-demo_main"}],"errorSet":[],"sinceDate":"2022-11-25","untilDate":"2022-12-25","isSinceDateProvided":false,"isUntilDateProvided":false,"supportedDomainUrlMap":{"NOT_RECOGNIZED":{"BRANCH":"","REPO_URL":"UNSUPPORTED","BASE_URL":"UNSUPPORTED","HISTORY_PATH":"","COMMIT_PATH":"","BLAME_PATH":""},"github":{"BRANCH":"tree/$BRANCH","REPO_URL":"https://github.com/$ORGANIZATION/$REPO_NAME/","BASE_URL":"https://github.com/","HISTORY_PATH":"commits/$BRANCH/$FILE_PATH","COMMIT_PATH":"commit/$COMMIT_HASH","BLAME_PATH":"blame/$BRANCH/$FILE_PATH"}}}
