[{"path":".github/workflows/ci.yml","fileType":"yml","lines":[{"lineNumber":1,"author":{"gitId":"tlylt"},"content":"name: CI"},{"lineNumber":2,"author":{"gitId":"tlylt"},"content":""},{"lineNumber":3,"author":{"gitId":"tlylt"},"content":"on: "},{"lineNumber":4,"author":{"gitId":"tlylt"},"content":"  push:"},{"lineNumber":5,"author":{"gitId":"tlylt"},"content":"    branches:"},{"lineNumber":6,"author":{"gitId":"tlylt"},"content":"      - main"},{"lineNumber":7,"author":{"gitId":"tlylt"},"content":"  schedule:"},{"lineNumber":8,"author":{"gitId":"tlylt"},"content":"    - cron:  \u00270 0 * * *\u0027"},{"lineNumber":9,"author":{"gitId":"tlylt"},"content":""},{"lineNumber":10,"author":{"gitId":"tlylt"},"content":"jobs:"},{"lineNumber":11,"author":{"gitId":"tlylt"},"content":"  deploy:"},{"lineNumber":12,"author":{"gitId":"tlylt"},"content":"    runs-on: ubuntu-latest"},{"lineNumber":13,"author":{"gitId":"tlylt"},"content":"    env:"},{"lineNumber":14,"author":{"gitId":"tlylt"},"content":"      GITHUB_TOKEN: ${{ secrets.GITHUB_TOKEN }}"},{"lineNumber":15,"author":{"gitId":"tlylt"},"content":"    steps:"},{"lineNumber":16,"author":{"gitId":"tlylt"},"content":"    - uses: actions/checkout@v3"},{"lineNumber":17,"author":{"gitId":"tlylt"},"content":"    - uses: actions/setup-python@v3"},{"lineNumber":18,"author":{"gitId":"tlylt"},"content":"      with:"},{"lineNumber":19,"author":{"gitId":"tlylt"},"content":"        python-version: \"3.8\""},{"lineNumber":20,"author":{"gitId":"tlylt"},"content":"    - name: Install dependencies"},{"lineNumber":21,"author":{"gitId":"tlylt"},"content":"      run: pip install requests"},{"lineNumber":22,"author":{"gitId":"tlylt"},"content":"      shell: bash"},{"lineNumber":23,"author":{"gitId":"tlylt"},"content":"    - name: Install Java"},{"lineNumber":24,"author":{"gitId":"tlylt"},"content":"      uses: actions/setup-java@v3"},{"lineNumber":25,"author":{"gitId":"tlylt"},"content":"      with:"},{"lineNumber":26,"author":{"gitId":"tlylt"},"content":"        java-version: \u002711\u0027"},{"lineNumber":27,"author":{"gitId":"tlylt"},"content":"        distribution: \u0027temurin\u0027"},{"lineNumber":28,"author":{"gitId":"tlylt"},"content":"    - name: Generate RepoSense"},{"lineNumber":29,"author":{"gitId":"tlylt"},"content":"      run: bash ./run.sh"},{"lineNumber":30,"author":{"gitId":"tlylt"},"content":"      shell: bash"},{"lineNumber":31,"author":{"gitId":"tlylt"},"content":"    - uses: actions/setup-node@v2"},{"lineNumber":32,"author":{"gitId":"tlylt"},"content":"      with:"},{"lineNumber":33,"author":{"gitId":"tlylt"},"content":"        node-version: \u002712\u0027"},{"lineNumber":34,"author":{"gitId":"tlylt"},"content":"    - run: npm i -g markbind-cli"},{"lineNumber":35,"author":{"gitId":"tlylt"},"content":"    - run: markbind build"},{"lineNumber":36,"author":{"gitId":"tlylt"},"content":"    - run: markbind deploy --ci"}],"authorContributionMap":{"tlylt":36}},{"path":".gitignore","fileType":"gitignore","lines":[{"lineNumber":1,"author":{"gitId":"tlylt"},"content":"_site/"},{"lineNumber":2,"author":{"gitId":"tlylt"},"content":"logs"}],"authorContributionMap":{"tlylt":2}},{"path":"README.md","fileType":"md","lines":[{"lineNumber":1,"author":{"gitId":"tlylt"},"content":"# markbind-reposense-demo"},{"lineNumber":2,"author":{"gitId":"tlylt"},"content":""},{"lineNumber":3,"author":{"gitId":"tlylt"},"content":"A demo site showing how to deploy your RepoSense report along with your MarkBind site."},{"lineNumber":4,"author":{"gitId":"tlylt"},"content":"- The deployed MarkBind Site is available at: https://tlylt.github.io/markbind-reposense-demo/"},{"lineNumber":5,"author":{"gitId":"tlylt"},"content":"- The deployed RepoSense Report is available at: https://tlylt.github.io/markbind-reposense-demo/reposense-report/index.html"},{"lineNumber":6,"author":{"gitId":"tlylt"},"content":""},{"lineNumber":7,"author":{"gitId":"tlylt"},"content":"## Details"},{"lineNumber":8,"author":{"gitId":"tlylt"},"content":""},{"lineNumber":9,"author":{"gitId":"tlylt"},"content":"By default, MarkBind will copy all the files as assets of the generated site."},{"lineNumber":10,"author":{"gitId":"tlylt"},"content":""},{"lineNumber":11,"author":{"gitId":"tlylt"},"content":"If the reposense report is in the same directory as the source files of a MarkBind site, you can just run `markbind build` to generate the site and have the report available at `/reposense-report/index.html`"},{"lineNumber":12,"author":{"gitId":"tlylt"},"content":""},{"lineNumber":13,"author":{"gitId":"tlylt"},"content":"- Suppose `reposense-report` is the name of the directory containing the report"},{"lineNumber":14,"author":{"gitId":"tlylt"},"content":""},{"lineNumber":15,"author":{"gitId":"tlylt"},"content":"To prevent MarkBind from doing any sorts of processing with the generated report, add the following into your `site.json`:"},{"lineNumber":16,"author":{"gitId":"tlylt"},"content":""},{"lineNumber":17,"author":{"gitId":"tlylt"},"content":"```json"},{"lineNumber":18,"author":{"gitId":"tlylt"},"content":"  \"pagesExclude\": [\"reposense-report/*\"],"},{"lineNumber":19,"author":{"gitId":"tlylt"},"content":"```"},{"lineNumber":20,"author":{"gitId":"tlylt"},"content":""},{"lineNumber":21,"author":{"gitId":"tlylt"},"content":"### Strategy 1: Generate locally and add to version control"},{"lineNumber":22,"author":{"gitId":"tlylt"},"content":""},{"lineNumber":23,"author":{"gitId":"tlylt"},"content":"1. Generate the report locally"},{"lineNumber":24,"author":{"gitId":"tlylt"},"content":"   1. e.g. `java -jar RepoSense.jar --config ./configs`"},{"lineNumber":25,"author":{"gitId":"tlylt"},"content":"      1. Assuming you have `RepoSense.jar` downloaded and configs files available in the `configs` folder"},{"lineNumber":26,"author":{"gitId":"tlylt"},"content":"1. Add the report to your version control"},{"lineNumber":27,"author":{"gitId":"tlylt"},"content":"1. Deploy locally via `markbind build` and `markbind deploy` or let it trigger in your CI scripts after the files have been committed and synced to your repository"},{"lineNumber":28,"author":{"gitId":"tlylt"},"content":""},{"lineNumber":29,"author":{"gitId":"tlylt"},"content":"### Strategy 2: Generate during continuous integration and deploy"},{"lineNumber":30,"author":{"gitId":"tlylt"},"content":""},{"lineNumber":31,"author":{"gitId":"tlylt"},"content":"1. Setup a CI script to generate the report"},{"lineNumber":32,"author":{"gitId":"tlylt"},"content":"   1. e.g. see [`.github/workflows/ci.yml`](.github/workflows/ci.yml)"},{"lineNumber":33,"author":{"gitId":"tlylt"},"content":"      1. Assuming you have included `run.sh` and `get-reposense.py` just like this repository and configs files available in the `configs` folder"},{"lineNumber":34,"author":{"gitId":"tlylt"},"content":"      1. Necessary adjustments can be made your CI scripts to suit your needs"},{"lineNumber":35,"author":{"gitId":"tlylt"},"content":"1. Within the CI script, deploy the MarkBind Site after the report has been generated"},{"lineNumber":36,"author":{"gitId":"tlylt"},"content":""},{"lineNumber":37,"author":{"gitId":"tlylt"},"content":"In the `ci.yml`:"},{"lineNumber":38,"author":{"gitId":"tlylt"},"content":""},{"lineNumber":39,"author":{"gitId":"tlylt"},"content":"```yaml"},{"lineNumber":40,"author":{"gitId":"tlylt"},"content":"name: CI"},{"lineNumber":41,"author":{"gitId":"tlylt"},"content":""},{"lineNumber":42,"author":{"gitId":"tlylt"},"content":"on: "},{"lineNumber":43,"author":{"gitId":"tlylt"},"content":"  push:"},{"lineNumber":44,"author":{"gitId":"tlylt"},"content":"    branches:"},{"lineNumber":45,"author":{"gitId":"tlylt"},"content":"      - main"},{"lineNumber":46,"author":{"gitId":"tlylt"},"content":"  schedule:"},{"lineNumber":47,"author":{"gitId":"tlylt"},"content":"    - cron:  \u00270 0 * * *\u0027"},{"lineNumber":48,"author":{"gitId":"tlylt"},"content":"```"},{"lineNumber":49,"author":{"gitId":"tlylt"},"content":"Specifies that the CI script should run every day and also on push to the main branch."},{"lineNumber":50,"author":{"gitId":"tlylt"},"content":""},{"lineNumber":51,"author":{"gitId":"tlylt"},"content":"```yaml"},{"lineNumber":52,"author":{"gitId":"tlylt"},"content":"jobs:"},{"lineNumber":53,"author":{"gitId":"tlylt"},"content":"  deploy:"},{"lineNumber":54,"author":{"gitId":"tlylt"},"content":"    runs-on: ubuntu-latest"},{"lineNumber":55,"author":{"gitId":"tlylt"},"content":"    env:"},{"lineNumber":56,"author":{"gitId":"tlylt"},"content":"      GITHUB_TOKEN: ${{ secrets.GITHUB_TOKEN }}"},{"lineNumber":57,"author":{"gitId":"tlylt"},"content":"    steps:"},{"lineNumber":58,"author":{"gitId":"tlylt"},"content":"    - uses: actions/checkout@v3"},{"lineNumber":59,"author":{"gitId":"tlylt"},"content":"    - uses: actions/setup-python@v3"},{"lineNumber":60,"author":{"gitId":"tlylt"},"content":"      with:"},{"lineNumber":61,"author":{"gitId":"tlylt"},"content":"        python-version: \"3.8\""},{"lineNumber":62,"author":{"gitId":"tlylt"},"content":"    - name: Install dependencies"},{"lineNumber":63,"author":{"gitId":"tlylt"},"content":"      run: pip install requests"},{"lineNumber":64,"author":{"gitId":"tlylt"},"content":"      shell: bash"},{"lineNumber":65,"author":{"gitId":"tlylt"},"content":"    - name: Install Java"},{"lineNumber":66,"author":{"gitId":"tlylt"},"content":"      uses: actions/setup-java@v3"},{"lineNumber":67,"author":{"gitId":"tlylt"},"content":"      with:"},{"lineNumber":68,"author":{"gitId":"tlylt"},"content":"        java-version: \u002711\u0027"},{"lineNumber":69,"author":{"gitId":"tlylt"},"content":"        distribution: \u0027temurin\u0027"},{"lineNumber":70,"author":{"gitId":"tlylt"},"content":"    - name: Generate RepoSense"},{"lineNumber":71,"author":{"gitId":"tlylt"},"content":"      run: bash ./run.sh"},{"lineNumber":72,"author":{"gitId":"tlylt"},"content":"      shell: bash"},{"lineNumber":73,"author":{"gitId":"tlylt"},"content":"```"},{"lineNumber":74,"author":{"gitId":"tlylt"},"content":"The installation and generation of the RepoSense report."},{"lineNumber":75,"author":{"gitId":"tlylt"},"content":""},{"lineNumber":76,"author":{"gitId":"tlylt"},"content":"```yaml"},{"lineNumber":77,"author":{"gitId":"tlylt"},"content":"    - uses: actions/setup-node@v2"},{"lineNumber":78,"author":{"gitId":"tlylt"},"content":"      with:"},{"lineNumber":79,"author":{"gitId":"tlylt"},"content":"        node-version: \u002712\u0027"},{"lineNumber":80,"author":{"gitId":"tlylt"},"content":"    - run: npm i -g markbind-cli"},{"lineNumber":81,"author":{"gitId":"tlylt"},"content":"    - run: markbind build"},{"lineNumber":82,"author":{"gitId":"tlylt"},"content":"    - run: markbind deploy --ci"},{"lineNumber":83,"author":{"gitId":"tlylt"},"content":"```"},{"lineNumber":84,"author":{"gitId":"tlylt"},"content":"Finally, the deployment of the MarkBind site."},{"lineNumber":85,"author":{"gitId":"tlylt"},"content":""},{"lineNumber":86,"author":{"gitId":"tlylt"},"content":"## Troubleshooting"},{"lineNumber":87,"author":{"gitId":"tlylt"},"content":""},{"lineNumber":88,"author":{"gitId":"tlylt"},"content":"1. You may need to ensure that the scripts are executable (something that may not be true when using a Windows machine)"},{"lineNumber":89,"author":{"gitId":"tlylt"},"content":"   - By doing:"},{"lineNumber":90,"author":{"gitId":"tlylt"},"content":"     - `git update-index --chmod\u003d+x run.sh`"},{"lineNumber":91,"author":{"gitId":"tlylt"},"content":"     - `git update-index --chmod\u003d+x get-reposense.py`"},{"lineNumber":92,"author":{"gitId":"tlylt"},"content":""},{"lineNumber":93,"author":{"gitId":"tlylt"},"content":"1. You may need to ensure that the access is granted to the workflows for deployment"},{"lineNumber":94,"author":{"gitId":"tlylt"},"content":"   - By going to `settings` in the GitHub UI and ensuring that the `Actions \u003e General \u003e Workflow permissions` are set to `Read and write permissions`"},{"lineNumber":95,"author":{"gitId":"tlylt"},"content":""},{"lineNumber":96,"author":{"gitId":"tlylt"},"content":"1. You may need to ensure that the GitHub Pages source is set"},{"lineNumber":97,"author":{"gitId":"tlylt"},"content":"   - By going to `settings` in the GitHub UI and ensuring that the `Pages \u003e Source` is set to `Branch: gh-pages`, `Folder:/(root)`"}],"authorContributionMap":{"tlylt":97}},{"path":"_markbind/layouts/default.md","fileType":"md","lines":[{"lineNumber":1,"author":{"gitId":"tlylt"},"content":"\u003chead-bottom\u003e"},{"lineNumber":2,"author":{"gitId":"tlylt"},"content":"  \u003clink rel\u003d\"stylesheet\" href\u003d\"{{baseUrl}}/stylesheets/main.css\"\u003e"},{"lineNumber":3,"author":{"gitId":"tlylt"},"content":"\u003c/head-bottom\u003e"},{"lineNumber":4,"author":{"gitId":"tlylt"},"content":""},{"lineNumber":5,"author":{"gitId":"tlylt"},"content":"\u003cheader fixed\u003e"},{"lineNumber":6,"author":{"gitId":"tlylt"},"content":"  \u003cnavbar type\u003d\"dark\"\u003e"},{"lineNumber":7,"author":{"gitId":"tlylt"},"content":"    \u003ca slot\u003d\"brand\" href\u003d\"{{baseUrl}}/index.html\" title\u003d\"Home\" class\u003d\"navbar-brand\"\u003eYour Logo\u003c/a\u003e"},{"lineNumber":8,"author":{"gitId":"tlylt"},"content":"    \u003cli\u003e\u003ca href\u003d\"{{baseUrl}}/contents/topic1.html\" class\u003d\"nav-link\"\u003eTopic 1\u003c/a\u003e\u003c/li\u003e"},{"lineNumber":9,"author":{"gitId":"tlylt"},"content":"    \u003cli\u003e\u003ca href\u003d\"{{baseUrl}}/contents/topic2.html\" class\u003d\"nav-link\"\u003eTopic 2\u003c/a\u003e\u003c/li\u003e"},{"lineNumber":10,"author":{"gitId":"tlylt"},"content":"    \u003cdropdown header\u003d\"Topic 3\" class\u003d\"nav-link\"\u003e"},{"lineNumber":11,"author":{"gitId":"tlylt"},"content":"      \u003cli\u003e\u003ca href\u003d\"{{baseUrl}}/contents/topic3a.html\" class\u003d\"dropdown-item\"\u003eTopic 3a\u003c/a\u003e\u003c/li\u003e"},{"lineNumber":12,"author":{"gitId":"tlylt"},"content":"      \u003cli\u003e\u003ca href\u003d\"{{baseUrl}}/contents/topic3b.html\" class\u003d\"dropdown-item\"\u003eTopic 3b\u003c/a\u003e\u003c/li\u003e"},{"lineNumber":13,"author":{"gitId":"tlylt"},"content":"    \u003c/dropdown\u003e"},{"lineNumber":14,"author":{"gitId":"tlylt"},"content":"    \u003cli slot\u003d\"right\"\u003e"},{"lineNumber":15,"author":{"gitId":"tlylt"},"content":"      \u003cform class\u003d\"navbar-form\"\u003e"},{"lineNumber":16,"author":{"gitId":"tlylt"},"content":"        \u003csearchbar :data\u003d\"searchData\" placeholder\u003d\"Search\" :on-hit\u003d\"searchCallback\" menu-align-right\u003e\u003c/searchbar\u003e"},{"lineNumber":17,"author":{"gitId":"tlylt"},"content":"      \u003c/form\u003e"},{"lineNumber":18,"author":{"gitId":"tlylt"},"content":"    \u003c/li\u003e"},{"lineNumber":19,"author":{"gitId":"tlylt"},"content":"  \u003c/navbar\u003e"},{"lineNumber":20,"author":{"gitId":"tlylt"},"content":"\u003c/header\u003e"},{"lineNumber":21,"author":{"gitId":"tlylt"},"content":""},{"lineNumber":22,"author":{"gitId":"tlylt"},"content":"\u003cdiv id\u003d\"flex-body\"\u003e"},{"lineNumber":23,"author":{"gitId":"tlylt"},"content":"  \u003cnav id\u003d\"site-nav\" class\u003d\"fixed-header-padding\"\u003e"},{"lineNumber":24,"author":{"gitId":"tlylt"},"content":"    \u003cdiv class\u003d\"site-nav-top\"\u003e"},{"lineNumber":25,"author":{"gitId":"tlylt"},"content":"      \u003cdiv class\u003d\"fw-bold mb-2\" style\u003d\"font-size: 1.25rem;\"\u003eTemplate\u003c/div\u003e"},{"lineNumber":26,"author":{"gitId":"tlylt"},"content":"    \u003c/div\u003e"},{"lineNumber":27,"author":{"gitId":"tlylt"},"content":"    \u003cdiv class\u003d\"nav-component slim-scroll\"\u003e"},{"lineNumber":28,"author":{"gitId":"tlylt"},"content":"      \u003csite-nav\u003e"},{"lineNumber":29,"author":{"gitId":"tlylt"},"content":"* [Home :house:]({{ baseUrl }}/index.html)"},{"lineNumber":30,"author":{"gitId":"tlylt"},"content":"* [Topic 1]({{baseUrl}}/contents/topic1.html)"},{"lineNumber":31,"author":{"gitId":"tlylt"},"content":"* [Topic 2]({{baseUrl}}/contents/topic2.html)"},{"lineNumber":32,"author":{"gitId":"tlylt"},"content":"* Topic 3 :expanded:"},{"lineNumber":33,"author":{"gitId":"tlylt"},"content":"  * [Topic 3a]({{baseUrl}}/contents/topic3a.html)"},{"lineNumber":34,"author":{"gitId":"tlylt"},"content":"  * [Topic 3b]({{baseUrl}}/contents/topic3b.html)"},{"lineNumber":35,"author":{"gitId":"tlylt"},"content":"      \u003c/site-nav\u003e"},{"lineNumber":36,"author":{"gitId":"tlylt"},"content":"    \u003c/div\u003e"},{"lineNumber":37,"author":{"gitId":"tlylt"},"content":"  \u003c/nav\u003e"},{"lineNumber":38,"author":{"gitId":"tlylt"},"content":"  \u003cdiv id\u003d\"content-wrapper\" class\u003d\"fixed-header-padding\"\u003e"},{"lineNumber":39,"author":{"gitId":"tlylt"},"content":"    {{ content }}"},{"lineNumber":40,"author":{"gitId":"tlylt"},"content":"  \u003c/div\u003e"},{"lineNumber":41,"author":{"gitId":"tlylt"},"content":"  \u003cnav id\u003d\"page-nav\" class\u003d\"fixed-header-padding\"\u003e"},{"lineNumber":42,"author":{"gitId":"tlylt"},"content":"    \u003cdiv class\u003d\"nav-component slim-scroll\"\u003e"},{"lineNumber":43,"author":{"gitId":"tlylt"},"content":"      \u003cpage-nav /\u003e"},{"lineNumber":44,"author":{"gitId":"tlylt"},"content":"    \u003c/div\u003e"},{"lineNumber":45,"author":{"gitId":"tlylt"},"content":"  \u003c/nav\u003e"},{"lineNumber":46,"author":{"gitId":"tlylt"},"content":"\u003c/div\u003e"},{"lineNumber":47,"author":{"gitId":"tlylt"},"content":""},{"lineNumber":48,"author":{"gitId":"tlylt"},"content":"\u003cfooter\u003e"},{"lineNumber":49,"author":{"gitId":"tlylt"},"content":"  \u003c!-- Support MarkBind by including a link to us on your landing page! --\u003e"},{"lineNumber":50,"author":{"gitId":"tlylt"},"content":"  \u003cdiv class\u003d\"text-center\"\u003e"},{"lineNumber":51,"author":{"gitId":"tlylt"},"content":"    \u003csmall\u003e[Generated by {{MarkBind}}]\u003c/small\u003e"},{"lineNumber":52,"author":{"gitId":"tlylt"},"content":"  \u003c/div\u003e"},{"lineNumber":53,"author":{"gitId":"tlylt"},"content":"\u003c/footer\u003e"}],"authorContributionMap":{"tlylt":53}},{"path":"_markbind/variables.json","fileType":"json","lines":[{"lineNumber":1,"author":{"gitId":"tlylt"},"content":"{"},{"lineNumber":2,"author":{"gitId":"tlylt"},"content":"    \"jsonVariableExample\": \"Your variables can be defined here as well\""},{"lineNumber":3,"author":{"gitId":"tlylt"},"content":"}"}],"authorContributionMap":{"tlylt":3}},{"path":"_markbind/variables.md","fileType":"md","lines":[{"lineNumber":1,"author":{"gitId":"tlylt"},"content":"\u003cvariable name\u003d\"example\"\u003e"},{"lineNumber":2,"author":{"gitId":"tlylt"},"content":"To inject this HTML segment in your markbind files, use {{ example }} where you want to place it."},{"lineNumber":3,"author":{"gitId":"tlylt"},"content":"More generally, surround the segment\u0027s id with double curly braces."},{"lineNumber":4,"author":{"gitId":"tlylt"},"content":"\u003c/variable\u003e"},{"lineNumber":5,"author":{"gitId":"tlylt"},"content":""},{"lineNumber":6,"author":{"gitId":"tlylt"},"content":"\u003cvariable from\u003d\"variables.json\" /\u003e"}],"authorContributionMap":{"tlylt":6}},{"path":"configs/author-config.csv","fileType":"csv","lines":[{"lineNumber":1,"author":{"gitId":"tlylt"},"content":"Repository\u0027s Location,Branch,Author\u0027s GitHub ID, Author\u0027s Emails, Author\u0027s Display Name,Author\u0027s Git Author Name,Ignore Glob List"},{"lineNumber":2,"author":{"gitId":"tlylt"},"content":"https://github.com/tlylt/markbind-reposense-demo.git,,tlylt,,,,"}],"authorContributionMap":{"tlylt":2}},{"path":"configs/repo-config.csv","fileType":"csv","lines":[{"lineNumber":1,"author":{"gitId":"tlylt"},"content":"Repository\u0027s Location,Branch,File formats,Ignore Glob List,Ignore standalone config,Ignore Commits List,Ignore Authors List"},{"lineNumber":2,"author":{"gitId":"tlylt"},"content":"https://github.com/tlylt/markbind-reposense-demo.git,main,,,,,"}],"authorContributionMap":{"tlylt":2}},{"path":"contents/topic1.md","fileType":"md","lines":[{"lineNumber":1,"author":{"gitId":"tlylt"},"content":"\u003cbr\u003e"},{"lineNumber":2,"author":{"gitId":"tlylt"},"content":""},{"lineNumber":3,"author":{"gitId":"tlylt"},"content":"# Topic 1"},{"lineNumber":4,"author":{"gitId":"tlylt"},"content":""},{"lineNumber":5,"author":{"gitId":"tlylt"},"content":"\u003e More content to be added"}],"authorContributionMap":{"tlylt":5}},{"path":"contents/topic2.md","fileType":"md","lines":[{"lineNumber":1,"author":{"gitId":"tlylt"},"content":"\u003cbr\u003e"},{"lineNumber":2,"author":{"gitId":"tlylt"},"content":"\u003cbox\u003e"},{"lineNumber":3,"author":{"gitId":"tlylt"},"content":"    \u003cspan class\u003d\"fas fa-tools\"\u003e\u003c/span\u003e\u003cspan\u003e This is a placeholder page\u003c/span\u003e"},{"lineNumber":4,"author":{"gitId":"tlylt"},"content":"\u003c/box\u003e"}],"authorContributionMap":{"tlylt":4}},{"path":"contents/topic3a.md","fileType":"md","lines":[{"lineNumber":1,"author":{"gitId":"tlylt"},"content":"\u003cbr\u003e"},{"lineNumber":2,"author":{"gitId":"tlylt"},"content":"\u003cbox\u003e"},{"lineNumber":3,"author":{"gitId":"tlylt"},"content":"    \u003cspan class\u003d\"fas fa-tools\"\u003e\u003c/span\u003e\u003cspan\u003e This is a placeholder page\u003c/span\u003e"},{"lineNumber":4,"author":{"gitId":"tlylt"},"content":"\u003c/box\u003e"}],"authorContributionMap":{"tlylt":4}},{"path":"contents/topic3b.md","fileType":"md","lines":[{"lineNumber":1,"author":{"gitId":"tlylt"},"content":"\u003cbr\u003e"},{"lineNumber":2,"author":{"gitId":"tlylt"},"content":"\u003cbox\u003e"},{"lineNumber":3,"author":{"gitId":"tlylt"},"content":"    \u003cspan class\u003d\"fas fa-tools\"\u003e\u003c/span\u003e\u003cspan\u003e This is a placeholder page\u003c/span\u003e"},{"lineNumber":4,"author":{"gitId":"tlylt"},"content":"\u003c/box\u003e"}],"authorContributionMap":{"tlylt":4}},{"path":"get-reposense.py","fileType":"py","lines":[{"lineNumber":1,"author":{"gitId":"tlylt"},"content":"#!/usr/bin/env python"},{"lineNumber":2,"author":{"gitId":"tlylt"},"content":""},{"lineNumber":3,"author":{"gitId":"tlylt"},"content":"import argparse"},{"lineNumber":4,"author":{"gitId":"tlylt"},"content":"import os"},{"lineNumber":5,"author":{"gitId":"tlylt"},"content":"import shutil"},{"lineNumber":6,"author":{"gitId":"tlylt"},"content":"import requests"},{"lineNumber":7,"author":{"gitId":"tlylt"},"content":"import subprocess"},{"lineNumber":8,"author":{"gitId":"tlylt"},"content":""},{"lineNumber":9,"author":{"gitId":"tlylt"},"content":"JAR_FILENAME \u003d \u0027RepoSense.jar\u0027"},{"lineNumber":10,"author":{"gitId":"tlylt"},"content":""},{"lineNumber":11,"author":{"gitId":"tlylt"},"content":"def parse_args():"},{"lineNumber":12,"author":{"gitId":"tlylt"},"content":"    parser \u003d argparse.ArgumentParser(description\u003d\u0027Downloads a specific version of RepoSense.jar from our repository.\u0027)"},{"lineNumber":13,"author":{"gitId":"tlylt"},"content":""},{"lineNumber":14,"author":{"gitId":"tlylt"},"content":"    group \u003d parser.add_mutually_exclusive_group()"},{"lineNumber":15,"author":{"gitId":"tlylt"},"content":"    group.add_argument(\u0027-r\u0027, \u0027--release\u0027, action\u003d\u0027store_true\u0027, help\u003d\u0027Get RepoSense.jar from the latest release (Stable)\u0027)"},{"lineNumber":16,"author":{"gitId":"tlylt"},"content":"    group.add_argument(\u0027-m\u0027, \u0027--master\u0027, action\u003d\u0027store_true\u0027, help\u003d\u0027Get RepoSense.jar from the latest master (Beta)\u0027)"},{"lineNumber":17,"author":{"gitId":"tlylt"},"content":"    group.add_argument(\u0027-t\u0027, \u0027--tag\u0027, help\u003d\u0027Get RepoSense.jar of a specific release version tag\u0027)"},{"lineNumber":18,"author":{"gitId":"tlylt"},"content":"    group.add_argument(\u0027-c\u0027, \u0027--commit\u0027, help\u003d\u0027Get RepoSense.jar of a specific commit\u0027)"},{"lineNumber":19,"author":{"gitId":"tlylt"},"content":""},{"lineNumber":20,"author":{"gitId":"tlylt"},"content":"    parser.add_argument(\u0027-o\u0027, \u0027--overwrite\u0027, action\u003d\u0027store_true\u0027, help\u003d\u0027Overwrite RepoSense.jar file, if exists. Default: false\u0027)"},{"lineNumber":21,"author":{"gitId":"tlylt"},"content":""},{"lineNumber":22,"author":{"gitId":"tlylt"},"content":"    return parser.parse_args()"},{"lineNumber":23,"author":{"gitId":"tlylt"},"content":""},{"lineNumber":24,"author":{"gitId":"tlylt"},"content":"def handle_specific_commit(commit):"},{"lineNumber":25,"author":{"gitId":"tlylt"},"content":"    get_reposense_jar(\u0027https://api.github.com/repos/reposense/RepoSense/commits/\u0027 + commit, commit\u003dcommit)"},{"lineNumber":26,"author":{"gitId":"tlylt"},"content":""},{"lineNumber":27,"author":{"gitId":"tlylt"},"content":"def handle_specific_release(tag):"},{"lineNumber":28,"author":{"gitId":"tlylt"},"content":"    get_reposense_jar(\u0027https://api.github.com/repos/reposense/RepoSense/releases/tags/\u0027 + tag, tag\u003dtag)"},{"lineNumber":29,"author":{"gitId":"tlylt"},"content":""},{"lineNumber":30,"author":{"gitId":"tlylt"},"content":"def handle_latest_release():"},{"lineNumber":31,"author":{"gitId":"tlylt"},"content":"    get_reposense_jar(\u0027https://api.github.com/repos/reposense/RepoSense/releases/latest\u0027)"},{"lineNumber":32,"author":{"gitId":"tlylt"},"content":""},{"lineNumber":33,"author":{"gitId":"tlylt"},"content":"def get_reposense_jar(url, tag\u003dNone, commit\u003dNone):"},{"lineNumber":34,"author":{"gitId":"tlylt"},"content":"    response \u003d requests.get(url)"},{"lineNumber":35,"author":{"gitId":"tlylt"},"content":""},{"lineNumber":36,"author":{"gitId":"tlylt"},"content":"    if tag and response.status_code \u003d\u003d 404:"},{"lineNumber":37,"author":{"gitId":"tlylt"},"content":"        print(\u0027Error, the provided tag does not exist!\u0027)"},{"lineNumber":38,"author":{"gitId":"tlylt"},"content":"        exit(1)"},{"lineNumber":39,"author":{"gitId":"tlylt"},"content":""},{"lineNumber":40,"author":{"gitId":"tlylt"},"content":"    if commit and response.status_code in [404, 422]:"},{"lineNumber":41,"author":{"gitId":"tlylt"},"content":"        print(\u0027Error, the provided commit does not exist!\u0027)"},{"lineNumber":42,"author":{"gitId":"tlylt"},"content":"        exit(1)"},{"lineNumber":43,"author":{"gitId":"tlylt"},"content":""},{"lineNumber":44,"author":{"gitId":"tlylt"},"content":"    if response.status_code in [403, 500]:"},{"lineNumber":45,"author":{"gitId":"tlylt"},"content":"        print(\u0027GitHub API has exceed the rate limit. Falling back to alternative method...\u0027)"},{"lineNumber":46,"author":{"gitId":"tlylt"},"content":"        clone_and_make_reposense(tag\u003dtag, commit\u003dcommit)"},{"lineNumber":47,"author":{"gitId":"tlylt"},"content":"        return"},{"lineNumber":48,"author":{"gitId":"tlylt"},"content":""},{"lineNumber":49,"author":{"gitId":"tlylt"},"content":"    if commit:"},{"lineNumber":50,"author":{"gitId":"tlylt"},"content":"        clone_and_make_reposense(commit\u003dcommit)"},{"lineNumber":51,"author":{"gitId":"tlylt"},"content":"        return"},{"lineNumber":52,"author":{"gitId":"tlylt"},"content":""},{"lineNumber":53,"author":{"gitId":"tlylt"},"content":"    url \u003d response.json()[\u0027assets\u0027][0][\u0027browser_download_url\u0027]"},{"lineNumber":54,"author":{"gitId":"tlylt"},"content":"    download_file(url)"},{"lineNumber":55,"author":{"gitId":"tlylt"},"content":""},{"lineNumber":56,"author":{"gitId":"tlylt"},"content":"def clone_and_make_reposense(tag\u003dNone, commit\u003dNone):"},{"lineNumber":57,"author":{"gitId":"tlylt"},"content":""},{"lineNumber":58,"author":{"gitId":"tlylt"},"content":"    # Cleanup cached RepoSense folder"},{"lineNumber":59,"author":{"gitId":"tlylt"},"content":"    shutil.rmtree(\u0027RepoSense\u0027, ignore_errors\u003dTrue)"},{"lineNumber":60,"author":{"gitId":"tlylt"},"content":""},{"lineNumber":61,"author":{"gitId":"tlylt"},"content":"    command \u003d \\"},{"lineNumber":62,"author":{"gitId":"tlylt"},"content":"    \u0027\u0027\u0027"},{"lineNumber":63,"author":{"gitId":"tlylt"},"content":"    git clone \u0027https://github.com/reposense/RepoSense.git\u0027 \u0026\u0026"},{"lineNumber":64,"author":{"gitId":"tlylt"},"content":"    cd RepoSense \u0026\u0026"},{"lineNumber":65,"author":{"gitId":"tlylt"},"content":"    \u0027\u0027\u0027"},{"lineNumber":66,"author":{"gitId":"tlylt"},"content":""},{"lineNumber":67,"author":{"gitId":"tlylt"},"content":"    if tag:"},{"lineNumber":68,"author":{"gitId":"tlylt"},"content":"        command +\u003d \u0027git checkout tags/{} -b deploy \u0026\u0026\u0027.format(tag)"},{"lineNumber":69,"author":{"gitId":"tlylt"},"content":"    elif commit:"},{"lineNumber":70,"author":{"gitId":"tlylt"},"content":"        command +\u003d  \u0027git checkout {} -b deploy \u0026\u0026\u0027.format(commit)"},{"lineNumber":71,"author":{"gitId":"tlylt"},"content":""},{"lineNumber":72,"author":{"gitId":"tlylt"},"content":"    command +\u003d \\"},{"lineNumber":73,"author":{"gitId":"tlylt"},"content":"    \u0027\u0027\u0027"},{"lineNumber":74,"author":{"gitId":"tlylt"},"content":"    ./gradlew zipreport shadowjar \u0026\u0026"},{"lineNumber":75,"author":{"gitId":"tlylt"},"content":"    mv build/jar/RepoSense.jar ../"},{"lineNumber":76,"author":{"gitId":"tlylt"},"content":"    \u0027\u0027\u0027"},{"lineNumber":77,"author":{"gitId":"tlylt"},"content":""},{"lineNumber":78,"author":{"gitId":"tlylt"},"content":"    subprocess.check_call(command, shell\u003dTrue)"},{"lineNumber":79,"author":{"gitId":"tlylt"},"content":""},{"lineNumber":80,"author":{"gitId":"tlylt"},"content":"def download_file(url):"},{"lineNumber":81,"author":{"gitId":"tlylt"},"content":"    response \u003d requests.get(url, allow_redirects\u003dTrue)"},{"lineNumber":82,"author":{"gitId":"tlylt"},"content":"    open(JAR_FILENAME, \u0027wb\u0027).write(response.content)"},{"lineNumber":83,"author":{"gitId":"tlylt"},"content":""},{"lineNumber":84,"author":{"gitId":"tlylt"},"content":"if __name__ \u003d\u003d \"__main__\":"},{"lineNumber":85,"author":{"gitId":"tlylt"},"content":"    args \u003d parse_args()"},{"lineNumber":86,"author":{"gitId":"tlylt"},"content":""},{"lineNumber":87,"author":{"gitId":"tlylt"},"content":"    if os.path.exists(JAR_FILENAME) and args.overwrite is False:"},{"lineNumber":88,"author":{"gitId":"tlylt"},"content":"        print(JAR_FILENAME + \u0027 already exists. Quitting.\u0027)"},{"lineNumber":89,"author":{"gitId":"tlylt"},"content":"        exit()"},{"lineNumber":90,"author":{"gitId":"tlylt"},"content":""},{"lineNumber":91,"author":{"gitId":"tlylt"},"content":"    if args.tag:"},{"lineNumber":92,"author":{"gitId":"tlylt"},"content":"        handle_specific_release(args.tag)"},{"lineNumber":93,"author":{"gitId":"tlylt"},"content":"        exit()"},{"lineNumber":94,"author":{"gitId":"tlylt"},"content":""},{"lineNumber":95,"author":{"gitId":"tlylt"},"content":"    if args.commit:"},{"lineNumber":96,"author":{"gitId":"tlylt"},"content":"        handle_specific_commit(args.commit)"},{"lineNumber":97,"author":{"gitId":"tlylt"},"content":"        exit()"},{"lineNumber":98,"author":{"gitId":"tlylt"},"content":""},{"lineNumber":99,"author":{"gitId":"tlylt"},"content":"    if args.master:"},{"lineNumber":100,"author":{"gitId":"tlylt"},"content":"        clone_and_make_reposense()"},{"lineNumber":101,"author":{"gitId":"tlylt"},"content":"        exit()"},{"lineNumber":102,"author":{"gitId":"tlylt"},"content":""},{"lineNumber":103,"author":{"gitId":"tlylt"},"content":"    # If no arguments are provided or --release"},{"lineNumber":104,"author":{"gitId":"tlylt"},"content":"    handle_latest_release()"}],"authorContributionMap":{"tlylt":104}},{"path":"index.md","fileType":"md","lines":[{"lineNumber":1,"author":{"gitId":"tlylt"},"content":"\u003cfrontmatter\u003e"},{"lineNumber":2,"author":{"gitId":"tlylt"},"content":"  layout: default.md"},{"lineNumber":3,"author":{"gitId":"tlylt"},"content":"  pageNav: 2"},{"lineNumber":4,"author":{"gitId":"tlylt"},"content":"  pageNavTitle: \"Chapters of This Page\""},{"lineNumber":5,"author":{"gitId":"tlylt"},"content":"\u003c/frontmatter\u003e"},{"lineNumber":6,"author":{"gitId":"tlylt"},"content":""},{"lineNumber":7,"author":{"gitId":"tlylt"},"content":"\u003cbr\u003e"},{"lineNumber":8,"author":{"gitId":"tlylt"},"content":""},{"lineNumber":9,"author":{"gitId":"tlylt"},"content":"# Reposense report"},{"lineNumber":10,"author":{"gitId":"tlylt"},"content":""},{"lineNumber":11,"author":{"gitId":"tlylt"},"content":"[Here](reposense-report/index.html)"}],"authorContributionMap":{"tlylt":11}},{"path":"run.sh","fileType":"sh","lines":[{"lineNumber":1,"author":{"gitId":"tlylt"},"content":"#!/bin/bash"},{"lineNumber":2,"author":{"gitId":"tlylt"},"content":""},{"lineNumber":3,"author":{"gitId":"tlylt"},"content":"# Downloads a specific version of RepoSense.jar of your choice from our repository"},{"lineNumber":4,"author":{"gitId":"tlylt"},"content":"## Examples of supported options:"},{"lineNumber":5,"author":{"gitId":"tlylt"},"content":"### ./get-reposense.py --release               # Gets the latest release (Stable)"},{"lineNumber":6,"author":{"gitId":"tlylt"},"content":"### ./get-reposense.py --master                # Gets the latest master (Beta)"},{"lineNumber":7,"author":{"gitId":"tlylt"},"content":"### ./get-reposense.py --tag v1.6.1            # Gets a specific version"},{"lineNumber":8,"author":{"gitId":"tlylt"},"content":"### ./get-reposense.py --commit abc123         # Gets a specific commit"},{"lineNumber":9,"author":{"gitId":"tlylt"},"content":"### ./get-reposense.py --release --overwrite   # Overwrite RepoSense.jar, if exists, with the latest release"},{"lineNumber":10,"author":{"gitId":"tlylt"},"content":""},{"lineNumber":11,"author":{"gitId":"tlylt"},"content":"./get-reposense.py --release"},{"lineNumber":12,"author":{"gitId":"tlylt"},"content":""},{"lineNumber":13,"author":{"gitId":"tlylt"},"content":"# Executes RepoSense"},{"lineNumber":14,"author":{"gitId":"tlylt"},"content":"# Do not change the default output folder name (reposense-report)"},{"lineNumber":15,"author":{"gitId":"tlylt"},"content":"## Examples of other valid options; For more, please view the user guide"},{"lineNumber":16,"author":{"gitId":"tlylt"},"content":"### java -jar RepoSense.jar --repos https://github.com/reposense/RepoSense.git"},{"lineNumber":17,"author":{"gitId":"tlylt"},"content":""},{"lineNumber":18,"author":{"gitId":"tlylt"},"content":"java -jar RepoSense.jar --config ./configs"}],"authorContributionMap":{"tlylt":18}},{"path":"site.json","fileType":"json","lines":[{"lineNumber":1,"author":{"gitId":"tlylt"},"content":"{"},{"lineNumber":2,"author":{"gitId":"tlylt"},"content":"  \"baseUrl\": \"/markbind-reposense-demo\","},{"lineNumber":3,"author":{"gitId":"tlylt"},"content":"  \"titlePrefix\": \"\","},{"lineNumber":4,"author":{"gitId":"tlylt"},"content":"  \"ignore\": ["},{"lineNumber":5,"author":{"gitId":"tlylt"},"content":"    \"_markbind/layouts/*\","},{"lineNumber":6,"author":{"gitId":"tlylt"},"content":"    \"_markbind/logs/*\","},{"lineNumber":7,"author":{"gitId":"tlylt"},"content":"    \"_site/*\","},{"lineNumber":8,"author":{"gitId":"tlylt"},"content":"    \"site.json\","},{"lineNumber":9,"author":{"gitId":"tlylt"},"content":"    \"*.md\","},{"lineNumber":10,"author":{"gitId":"tlylt"},"content":"    \"*.njk\","},{"lineNumber":11,"author":{"gitId":"tlylt"},"content":"    \".git/*\""},{"lineNumber":12,"author":{"gitId":"tlylt"},"content":"  ],"},{"lineNumber":13,"author":{"gitId":"tlylt"},"content":"  \"pages\": ["},{"lineNumber":14,"author":{"gitId":"tlylt"},"content":"    {"},{"lineNumber":15,"author":{"gitId":"tlylt"},"content":"      \"src\": \"index.md\","},{"lineNumber":16,"author":{"gitId":"tlylt"},"content":"      \"title\": \"Landing Page\""},{"lineNumber":17,"author":{"gitId":"tlylt"},"content":"    },"},{"lineNumber":18,"author":{"gitId":"tlylt"},"content":"    {"},{"lineNumber":19,"author":{"gitId":"tlylt"},"content":"      \"glob\": [\"**/index.md\", \"**/*.md\"]"},{"lineNumber":20,"author":{"gitId":"tlylt"},"content":"    }"},{"lineNumber":21,"author":{"gitId":"tlylt"},"content":"  ],"},{"lineNumber":22,"author":{"gitId":"tlylt"},"content":"  \"pagesExclude\": [\"reposense-report/*\"],"},{"lineNumber":23,"author":{"gitId":"tlylt"},"content":"  \"deploy\": {"},{"lineNumber":24,"author":{"gitId":"tlylt"},"content":"    \"message\": \"Site Update.\""},{"lineNumber":25,"author":{"gitId":"tlylt"},"content":"  }"},{"lineNumber":26,"author":{"gitId":"tlylt"},"content":"}"}],"authorContributionMap":{"tlylt":26}},{"path":"stylesheets/main.css","fileType":"css","lines":[{"lineNumber":1,"author":{"gitId":"tlylt"},"content":"mark {"},{"lineNumber":2,"author":{"gitId":"tlylt"},"content":"    background-color: #ff0;"},{"lineNumber":3,"author":{"gitId":"tlylt"},"content":"    border-radius: 5px;"},{"lineNumber":4,"author":{"gitId":"tlylt"},"content":"    padding-top: 0;"},{"lineNumber":5,"author":{"gitId":"tlylt"},"content":"    padding-bottom: 0;"},{"lineNumber":6,"author":{"gitId":"tlylt"},"content":"}"},{"lineNumber":7,"author":{"gitId":"tlylt"},"content":""},{"lineNumber":8,"author":{"gitId":"tlylt"},"content":".indented {"},{"lineNumber":9,"author":{"gitId":"tlylt"},"content":"    padding-left: 20px;"},{"lineNumber":10,"author":{"gitId":"tlylt"},"content":"}"},{"lineNumber":11,"author":{"gitId":"tlylt"},"content":""},{"lineNumber":12,"author":{"gitId":"tlylt"},"content":".theme-card img {"},{"lineNumber":13,"author":{"gitId":"tlylt"},"content":"    width: 100%;"},{"lineNumber":14,"author":{"gitId":"tlylt"},"content":"}"},{"lineNumber":15,"author":{"gitId":"tlylt"},"content":""},{"lineNumber":16,"author":{"gitId":"tlylt"},"content":"/* Scrollbar */"},{"lineNumber":17,"author":{"gitId":"tlylt"},"content":""},{"lineNumber":18,"author":{"gitId":"tlylt"},"content":".slim-scroll::-webkit-scrollbar {"},{"lineNumber":19,"author":{"gitId":"tlylt"},"content":"    width: 5px;"},{"lineNumber":20,"author":{"gitId":"tlylt"},"content":"}"},{"lineNumber":21,"author":{"gitId":"tlylt"},"content":""},{"lineNumber":22,"author":{"gitId":"tlylt"},"content":".slim-scroll::-webkit-scrollbar-thumb {"},{"lineNumber":23,"author":{"gitId":"tlylt"},"content":"    background: #808080;"},{"lineNumber":24,"author":{"gitId":"tlylt"},"content":"    border-radius: 20px;"},{"lineNumber":25,"author":{"gitId":"tlylt"},"content":"}"},{"lineNumber":26,"author":{"gitId":"tlylt"},"content":""},{"lineNumber":27,"author":{"gitId":"tlylt"},"content":".slim-scroll::-webkit-scrollbar-track {"},{"lineNumber":28,"author":{"gitId":"tlylt"},"content":"    background: transparent;"},{"lineNumber":29,"author":{"gitId":"tlylt"},"content":"    border-radius: 20px;"},{"lineNumber":30,"author":{"gitId":"tlylt"},"content":"}"},{"lineNumber":31,"author":{"gitId":"tlylt"},"content":""},{"lineNumber":32,"author":{"gitId":"tlylt"},"content":".slim-scroll-blue::-webkit-scrollbar {"},{"lineNumber":33,"author":{"gitId":"tlylt"},"content":"    width: 5px;"},{"lineNumber":34,"author":{"gitId":"tlylt"},"content":"}"},{"lineNumber":35,"author":{"gitId":"tlylt"},"content":""},{"lineNumber":36,"author":{"gitId":"tlylt"},"content":".slim-scroll-blue::-webkit-scrollbar-thumb {"},{"lineNumber":37,"author":{"gitId":"tlylt"},"content":"    background: #00b0ef;"},{"lineNumber":38,"author":{"gitId":"tlylt"},"content":"    border-radius: 20px;"},{"lineNumber":39,"author":{"gitId":"tlylt"},"content":"}"},{"lineNumber":40,"author":{"gitId":"tlylt"},"content":""},{"lineNumber":41,"author":{"gitId":"tlylt"},"content":".slim-scroll-blue::-webkit-scrollbar-track {"},{"lineNumber":42,"author":{"gitId":"tlylt"},"content":"    background: transparent;"},{"lineNumber":43,"author":{"gitId":"tlylt"},"content":"    border-radius: 20px;"},{"lineNumber":44,"author":{"gitId":"tlylt"},"content":"}"},{"lineNumber":45,"author":{"gitId":"tlylt"},"content":""},{"lineNumber":46,"author":{"gitId":"tlylt"},"content":"/* Layout containers */"},{"lineNumber":47,"author":{"gitId":"tlylt"},"content":""},{"lineNumber":48,"author":{"gitId":"tlylt"},"content":"#flex-body {"},{"lineNumber":49,"author":{"gitId":"tlylt"},"content":"    display: flex;"},{"lineNumber":50,"author":{"gitId":"tlylt"},"content":"    flex: 1;"},{"lineNumber":51,"author":{"gitId":"tlylt"},"content":"    align-items: start;"},{"lineNumber":52,"author":{"gitId":"tlylt"},"content":"}"},{"lineNumber":53,"author":{"gitId":"tlylt"},"content":""},{"lineNumber":54,"author":{"gitId":"tlylt"},"content":"#content-wrapper {"},{"lineNumber":55,"author":{"gitId":"tlylt"},"content":"    flex: 1;"},{"lineNumber":56,"author":{"gitId":"tlylt"},"content":"    margin: 0 auto;"},{"lineNumber":57,"author":{"gitId":"tlylt"},"content":"    min-width: 0;"},{"lineNumber":58,"author":{"gitId":"tlylt"},"content":"    max-width: 1000px;"},{"lineNumber":59,"author":{"gitId":"tlylt"},"content":"    padding: 0.8rem 20px 0 20px;"},{"lineNumber":60,"author":{"gitId":"tlylt"},"content":"    transition: 0.4s;"},{"lineNumber":61,"author":{"gitId":"tlylt"},"content":"    -webkit-transition: 0.4s;"},{"lineNumber":62,"author":{"gitId":"tlylt"},"content":"}"},{"lineNumber":63,"author":{"gitId":"tlylt"},"content":""},{"lineNumber":64,"author":{"gitId":"tlylt"},"content":"#site-nav,"},{"lineNumber":65,"author":{"gitId":"tlylt"},"content":"#page-nav {"},{"lineNumber":66,"author":{"gitId":"tlylt"},"content":"    position: sticky;"},{"lineNumber":67,"author":{"gitId":"tlylt"},"content":"    top: 0;"},{"lineNumber":68,"author":{"gitId":"tlylt"},"content":"    flex: 0 0 auto;"},{"lineNumber":69,"author":{"gitId":"tlylt"},"content":"    padding-top: 1rem;"},{"lineNumber":70,"author":{"gitId":"tlylt"},"content":"    max-width: 300px;"},{"lineNumber":71,"author":{"gitId":"tlylt"},"content":"    width: 300px;"},{"lineNumber":72,"author":{"gitId":"tlylt"},"content":"}"},{"lineNumber":73,"author":{"gitId":"tlylt"},"content":""},{"lineNumber":74,"author":{"gitId":"tlylt"},"content":"#site-nav {"},{"lineNumber":75,"author":{"gitId":"tlylt"},"content":"    display: flex;"},{"lineNumber":76,"author":{"gitId":"tlylt"},"content":"    flex-direction: column;"},{"lineNumber":77,"author":{"gitId":"tlylt"},"content":"    border-right: 1px solid lightgrey;"},{"lineNumber":78,"author":{"gitId":"tlylt"},"content":"    padding-bottom: 20px;"},{"lineNumber":79,"author":{"gitId":"tlylt"},"content":"    z-index: 999;"},{"lineNumber":80,"author":{"gitId":"tlylt"},"content":"    max-height: 100vh;"},{"lineNumber":81,"author":{"gitId":"tlylt"},"content":"}"},{"lineNumber":82,"author":{"gitId":"tlylt"},"content":""},{"lineNumber":83,"author":{"gitId":"tlylt"},"content":".site-nav-top {"},{"lineNumber":84,"author":{"gitId":"tlylt"},"content":"    margin: 0.8rem 0;"},{"lineNumber":85,"author":{"gitId":"tlylt"},"content":"    padding: 0 12px 12px 12px;"},{"lineNumber":86,"author":{"gitId":"tlylt"},"content":"}"},{"lineNumber":87,"author":{"gitId":"tlylt"},"content":""},{"lineNumber":88,"author":{"gitId":"tlylt"},"content":".nav-component {"},{"lineNumber":89,"author":{"gitId":"tlylt"},"content":"    overflow-y: auto;"},{"lineNumber":90,"author":{"gitId":"tlylt"},"content":"}"},{"lineNumber":91,"author":{"gitId":"tlylt"},"content":""},{"lineNumber":92,"author":{"gitId":"tlylt"},"content":"#page-nav {"},{"lineNumber":93,"author":{"gitId":"tlylt"},"content":"    display: block;"},{"lineNumber":94,"author":{"gitId":"tlylt"},"content":"    border-left: 1px solid lightgrey;"},{"lineNumber":95,"author":{"gitId":"tlylt"},"content":"    max-height: 90vh;"},{"lineNumber":96,"author":{"gitId":"tlylt"},"content":"}"},{"lineNumber":97,"author":{"gitId":"tlylt"},"content":""},{"lineNumber":98,"author":{"gitId":"tlylt"},"content":"#page-nav .nav-component {"},{"lineNumber":99,"author":{"gitId":"tlylt"},"content":"    max-height: 90vh;"},{"lineNumber":100,"author":{"gitId":"tlylt"},"content":"}"},{"lineNumber":101,"author":{"gitId":"tlylt"},"content":""},{"lineNumber":102,"author":{"gitId":"tlylt"},"content":"@media screen and (max-width: 1299.98px) {"},{"lineNumber":103,"author":{"gitId":"tlylt"},"content":"    #page-nav {"},{"lineNumber":104,"author":{"gitId":"tlylt"},"content":"        display: none;"},{"lineNumber":105,"author":{"gitId":"tlylt"},"content":"    }"},{"lineNumber":106,"author":{"gitId":"tlylt"},"content":"}"},{"lineNumber":107,"author":{"gitId":"tlylt"},"content":""},{"lineNumber":108,"author":{"gitId":"tlylt"},"content":"/* Bootstrap medium(md) responsive breakpoint */"},{"lineNumber":109,"author":{"gitId":"tlylt"},"content":"@media screen and (max-width: 991.98px) {"},{"lineNumber":110,"author":{"gitId":"tlylt"},"content":"    #site-nav {"},{"lineNumber":111,"author":{"gitId":"tlylt"},"content":"        display: none;"},{"lineNumber":112,"author":{"gitId":"tlylt"},"content":"    }"},{"lineNumber":113,"author":{"gitId":"tlylt"},"content":"}"},{"lineNumber":114,"author":{"gitId":"tlylt"},"content":""},{"lineNumber":115,"author":{"gitId":"tlylt"},"content":"/* Bootstrap small(sm) responsive breakpoint */"},{"lineNumber":116,"author":{"gitId":"tlylt"},"content":"@media (max-width: 767.98px) {"},{"lineNumber":117,"author":{"gitId":"tlylt"},"content":"    .indented {"},{"lineNumber":118,"author":{"gitId":"tlylt"},"content":"        padding-left: 10px;"},{"lineNumber":119,"author":{"gitId":"tlylt"},"content":"    }"},{"lineNumber":120,"author":{"gitId":"tlylt"},"content":""},{"lineNumber":121,"author":{"gitId":"tlylt"},"content":"    #content-wrapper {"},{"lineNumber":122,"author":{"gitId":"tlylt"},"content":"        padding: 0 10px;"},{"lineNumber":123,"author":{"gitId":"tlylt"},"content":"    }"},{"lineNumber":124,"author":{"gitId":"tlylt"},"content":"}"},{"lineNumber":125,"author":{"gitId":"tlylt"},"content":""},{"lineNumber":126,"author":{"gitId":"tlylt"},"content":"/* Bootstrap extra small(xs) responsive breakpoint */"},{"lineNumber":127,"author":{"gitId":"tlylt"},"content":"@media screen and (max-width: 575.98px) {"},{"lineNumber":128,"author":{"gitId":"tlylt"},"content":"    #site-nav {"},{"lineNumber":129,"author":{"gitId":"tlylt"},"content":"        display: none;"},{"lineNumber":130,"author":{"gitId":"tlylt"},"content":"    }"},{"lineNumber":131,"author":{"gitId":"tlylt"},"content":"}"},{"lineNumber":132,"author":{"gitId":"tlylt"},"content":""},{"lineNumber":133,"author":{"gitId":"tlylt"},"content":"/* Hide site navigation when printing */"},{"lineNumber":134,"author":{"gitId":"tlylt"},"content":"@media print {"},{"lineNumber":135,"author":{"gitId":"tlylt"},"content":"    #site-nav {"},{"lineNumber":136,"author":{"gitId":"tlylt"},"content":"        display: none;"},{"lineNumber":137,"author":{"gitId":"tlylt"},"content":"    }"},{"lineNumber":138,"author":{"gitId":"tlylt"},"content":""},{"lineNumber":139,"author":{"gitId":"tlylt"},"content":"    #page-nav {"},{"lineNumber":140,"author":{"gitId":"tlylt"},"content":"        display: none;"},{"lineNumber":141,"author":{"gitId":"tlylt"},"content":"    }"},{"lineNumber":142,"author":{"gitId":"tlylt"},"content":"}"}],"authorContributionMap":{"tlylt":142}}]
