[{"path":".github/workflows/ci.yml","fileType":"yml","lines":[{"lineNumber":1,"author":{"gitId":"-"},"content":"name: CI"},{"lineNumber":2,"author":{"gitId":"-"},"content":""},{"lineNumber":3,"author":{"gitId":"-"},"content":"on:"},{"lineNumber":4,"author":{"gitId":"-"},"content":"  push:"},{"lineNumber":5,"author":{"gitId":"-"},"content":"    branches:"},{"lineNumber":6,"author":{"gitId":"-"},"content":"      - main"},{"lineNumber":7,"author":{"gitId":"-"},"content":"  schedule:"},{"lineNumber":8,"author":{"gitId":"-"},"content":"    - cron: \u00270 0 * * *\u0027"},{"lineNumber":9,"author":{"gitId":"-"},"content":""},{"lineNumber":10,"author":{"gitId":"-"},"content":"jobs:"},{"lineNumber":11,"author":{"gitId":"-"},"content":"  deploy:"},{"lineNumber":12,"author":{"gitId":"-"},"content":"    runs-on: ubuntu-latest"},{"lineNumber":13,"author":{"gitId":"-"},"content":"    env:"},{"lineNumber":14,"author":{"gitId":"-"},"content":"      GITHUB_TOKEN: ${{ secrets.GITHUB_TOKEN }}"},{"lineNumber":15,"author":{"gitId":"-"},"content":"    steps:"},{"lineNumber":16,"author":{"gitId":"-"},"content":"      - uses: actions/checkout@v3"},{"lineNumber":17,"author":{"gitId":"-"},"content":"      - uses: actions/setup-python@v3"},{"lineNumber":18,"author":{"gitId":"-"},"content":"        with:"},{"lineNumber":19,"author":{"gitId":"tlylt"},"content":"          python-version: \u00273.8\u0027"},{"lineNumber":20,"author":{"gitId":"-"},"content":"      - name: Install dependencies"},{"lineNumber":21,"author":{"gitId":"-"},"content":"        run: pip install requests"},{"lineNumber":22,"author":{"gitId":"-"},"content":"        shell: bash"},{"lineNumber":23,"author":{"gitId":"-"},"content":"      - name: Install Java"},{"lineNumber":24,"author":{"gitId":"-"},"content":"        uses: actions/setup-java@v3"},{"lineNumber":25,"author":{"gitId":"-"},"content":"        with:"},{"lineNumber":26,"author":{"gitId":"-"},"content":"          java-version: \u002711\u0027"},{"lineNumber":27,"author":{"gitId":"-"},"content":"          distribution: \u0027temurin\u0027"},{"lineNumber":28,"author":{"gitId":"-"},"content":"      - name: Generate RepoSense"},{"lineNumber":29,"author":{"gitId":"-"},"content":"        run: bash ./run.sh"},{"lineNumber":30,"author":{"gitId":"-"},"content":"        shell: bash"},{"lineNumber":31,"author":{"gitId":"tlylt"},"content":"      - uses: actions/setup-node@v3"},{"lineNumber":32,"author":{"gitId":"-"},"content":"        with:"},{"lineNumber":33,"author":{"gitId":"-"},"content":"          node-version: \u002712\u0027"},{"lineNumber":34,"author":{"gitId":"-"},"content":"      - run: npm i -g markbind-cli"},{"lineNumber":35,"author":{"gitId":"-"},"content":"      - run: markbind build"},{"lineNumber":36,"author":{"gitId":"-"},"content":"      - run: markbind deploy --ci"}],"authorContributionMap":{"tlylt":2,"-":34}}]
