{"authorDailyContributionsMap":{"tlylt":[{"date":"2022-11-30","commitResults":[{"hash":"c54669c17131e84d5ec1ed45cbe5237ab33dff94","messageTitle":"Update to setup-node v3","messageBody":"","fileTypesAndContributionMap":{"yml":{"insertions":23,"deletions":23}}},{"hash":"c2f49127c7706e1675e2584e2379fda824b7098e","messageTitle":"Fix docs","messageBody":"","fileTypesAndContributionMap":{"md":{"insertions":2,"deletions":2},"yml":{"insertions":1,"deletions":1}}}]}]},"authorFileTypeContributionMap":{"tlylt":{"yml":3,"md":2}},"authorContributionVariance":{"tlylt":81.859375},"authorDisplayNameMap":{"tlylt":"tlylt"}}
