{"authorDailyContributionsMap":{"tlylt":[{"date":"2022-11-30","commitResults":[{"hash":"c54669c17131e84d5ec1ed45cbe5237ab33dff94","messageTitle":"Update to setup-node v3","messageBody":"","fileTypesAndContributionMap":{"yml":{"insertions":23,"deletions":23}}},{"hash":"c2f49127c7706e1675e2584e2379fda824b7098e","messageTitle":"Fix docs","messageBody":"","fileTypesAndContributionMap":{"md":{"insertions":2,"deletions":2},"yml":{"insertions":1,"deletions":1}}},{"hash":"b8d4d82c1284253c40ac80a22c1a930397ae6a5a","messageTitle":"Fix set output warning","messageBody":"","fileTypesAndContributionMap":{"md":{"insertions":1,"deletions":1},"yml":{"insertions":1,"deletions":1}}}]}]},"authorFileTypeContributionMap":{"tlylt":{"yml":4,"md":3}},"authorContributionVariance":{"tlylt":120.42239},"authorDisplayNameMap":{"tlylt":"tlylt"}}
