{"authorDailyContributionsMap":{"tlylt":[{"date":"2022-05-04","commitResults":[{"hash":"61ed5895fd6cb6442e7ea7ba3926b5bf2cf58102","messageTitle":"Init","messageBody":"","fileTypesAndContributionMap":{"css":{"insertions":142,"deletions":0},"sh":{"insertions":18,"deletions":0},"gitignore":{"insertions":2,"deletions":0},"md":{"insertions":90,"deletions":0},"csv":{"insertions":4,"deletions":0},"yml":{"insertions":34,"deletions":0},"json":{"insertions":29,"deletions":0},"py":{"insertions":104,"deletions":0}}},{"hash":"2f6ed3505fb8d8eb2de0397c5a1ed6a4d8de66d7","messageTitle":"Add baseUrl","messageBody":"","fileTypesAndContributionMap":{"json":{"insertions":1,"deletions":1}}},{"hash":"c27469d961e54e1bae461d7ed1fa6a82e3f34102","messageTitle":"Update script","messageBody":"","fileTypesAndContributionMap":{"yml":{"insertions":1,"deletions":2}}},{"hash":"413b5526205c3fe19cb78643b39abe44f5262731","messageTitle":"Update permission","messageBody":"","fileTypesAndContributionMap":{"sh":{"insertions":0,"deletions":0},"py":{"insertions":0,"deletions":0}}},{"hash":"76a0480905e8ff999bf864679519b8f5b30f0ebf","messageTitle":"Update script","messageBody":"","fileTypesAndContributionMap":{"yml":{"insertions":7,"deletions":4}}},{"hash":"88ce10dec9cf0f1b27ad6e99398deff46bcaeb4a","messageTitle":"Update README","messageBody":"","fileTypesAndContributionMap":{"md":{"insertions":94,"deletions":0}}},{"hash":"78de39dc297bec77592b2fcc9bddda4b37f75ec4","messageTitle":"Update content","messageBody":"","fileTypesAndContributionMap":{"md":{"insertions":7,"deletions":35},"json":{"insertions":4,"deletions":1}}},{"hash":"b50a911a3b256e5d5ebe444ba269e054972b2283","messageTitle":"Update","messageBody":"","fileTypesAndContributionMap":{"md":{"insertions":12,"deletions":1}}}]}]},"authorFileTypeContributionMap":{"tlylt":{"yml":36,"gitignore":2,"md":167,"json":32,"csv":4,"py":104,"sh":18,"css":142}},"authorContributionVariance":{"tlylt":13004.771},"authorDisplayNameMap":{"tlylt":"tlylt"}}
